model,accuracy,precision,recall,f1
random_forest,0.9924026590693258,0.9932773109243698,0.9932773109243698,0.9932773109243698
mlp,0.9705603038936372,0.9912891986062717,0.9563025210084034,0.9734816082121471
kmeans,0.6372269705603039,0.7186858316221766,0.5882352941176471,0.6469500924214417
dbscan,0.792022792022792,0.8868312757201646,0.7243697478991596,0.7974098057354302
