model,accuracy,precision,recall,f1
random_forest,0.9629629629629629,0.9711864406779661,0.9630252100840336,0.9670886075949368
mlp,0.9430199430199431,0.9768270944741533,0.9210084033613445,0.9480968858131488
kmeans,0.6201329534662868,0.7395577395577395,0.5058823529411764,0.6007984031936128
dbscan,0.7217473884140551,0.9081081081081082,0.5647058823529412,0.6963730569948187
