{
  "feature_names": [
    "Fwd Packet Length Max",
    "Flow Duration",
    "FWD Init Win Bytes",
    "Flow Bytes/s",
    "Flow IAT Mean",
    "Fwd Seg Size Min",
    "Fwd Header Length",
    "Flow Packets/s",
    "Flow IAT Std",
    "Total Fwd Packet",
    "Total Length of Bwd Packet",
    "Total Bwd packets",
    "Packet Length Std",
    "Bwd Packet Length Mean",
    "Protocol"
  ],
  "classes": [
    "Audio",
    "Background",
    "Bruteforce",
    "DoS",
    "Information Gathering",
    "Mirai",
    "Text",
    "Video"
  ],
  "best": {
    "Audio": {
      "idx": 983,
      "score": 0.20001018988830574,
      "scaled": [
        0.9825613909365642,
        0.16441576565641575,
        2.44501181884841,
        -0.15911782775196073,
        -0.6256199255884846,
        1.2262122725968014,
        0.7212354363536756,
        -0.04176805758476927,
        -0.43520970362288824,
        0.29235860220857857,
        -0.015135721172698345,
        0.8382225136671033,
        0.0643277321722278,
        0.2765980142250946,
        -0.6359193694925204
      ],
      "raw": [
        523.0,
        20869869.0,
        65280.0,
        6128.884,
        11498.55000000028,
        32.0,
        24296.0,
        87.0150000000001,
        7399.098999999929,
        759.0,
        108693.0,
        1057.0,
        61.475,
        102.832,
        6.0
      ]
    },
    "Background": {
      "idx": 551,
      "score": 0.010000000000178989,
      "scaled": [
        -0.5043209581598735,
        2.4061656546654295,
        -0.4334991141414485,
        -0.2513392903326585,
        1.2451158884730857,
        -1.7612609146905447,
        -0.22663066163423967,
        -0.044389472791815536,
        3.233911580144982,
        -0.21683640861628675,
        -0.12212325266709909,
        -0.18372403292427114,
        -0.36051026012237575,
        -0.22923194228453408,
        -1.739321160492731
      ],
      "raw": [
        0.0,
        84818131.0,
        0.0,
        0.0,
        9424236.778,
        0.0,
        0.0,
        0.11799999999993815,
        13505304.221,
        10.0,
        0.0,
        0.0,
        0.0,
        0.0,
        0.0
      ]
    },
    "Bruteforce": {
      "idx": 883,
      "score": 1.2297172840436983,
      "scaled": [
        -0.37070055585101586,
        0.0910045067183681,
        -0.4334991141414485,
        -0.25120144454887444,
        0.615956778777913,
        -1.0143926178687082,
        -0.22600644951834378,
        -0.044386606934022174,
        2.505915713883054,
        -0.2222750736184215,
        -0.12203860206670607,
        -0.18179035923157225,
        -0.3302273795654835,
        -0.017715214710296166,
        1.3869839140078657
      ],
      "raw": [
        47.0,
        18775736.0,
        0.0,
        9.161000000000058,
        6258578.667,
        8.000000000000002,
        16.0,
        0.21299999999996544,
        10827164.587,
        2.0,
        86.0,
        2.0,
        4.381999999999998,
        43.0,
        17.0
      ]
    },
    "DoS": {
      "idx": 530,
      "score": 1.619964329441463,
      "scaled": [
        -0.41903133966485795,
        -0.563114593734608,
        -0.4109225578042731,
        -0.2474579858136991,
        -0.6047903535686645,
        1.973080569418638,
        -0.22507013134449994,
        -0.043874282061342265,
        -0.4372209928841646,
        -0.22295490674368834,
        -0.12212325266709909,
        -0.1827571960779217,
        -0.2408092619192879,
        -0.22923194228453408,
        -0.6359193694925204
      ],
      "raw": [
        30.0,
        116304.00000000186,
        512.0,
        257.9449999999997,
        116304.0,
        40.0,
        40.0,
        17.195999999999913,
        0.0,
        1.0,
        0.0,
        1.0,
        17.320999999999998,
        0.0,
        6.0
      ]
    },
    "Information Gathering": {
      "idx": 595,
      "score": 0.5610081461829346,
      "scaled": [
        -0.5043209581598735,
        -0.14921668742726008,
        -0.4109225578042731,
        -0.2513392903326585,
        1.741767672022796,
        0.10590982736404655,
        -0.22507013134449994,
        -0.0443879644456085,
        -0.4372209928841646,
        -0.2222750736184215,
        -0.12212325266709909,
        -0.18372403292427114,
        -0.36051026012237575,
        -0.22923194228453408,
        -0.6359193694925204
      ],
      "raw": [
        0.0,
        11923175.0,
        512.0,
        0.0,
        11923175.0,
        20.0,
        40.0,
        0.16799999999989268,
        0.0,
        2.0,
        0.0,
        0.0,
        0.0,
        0.0,
        6.0
      ]
    },
    "Mirai": {
      "idx": 869,
      "score": 1.1059365668715893,
      "scaled": [
        -0.5043209581598735,
        1.0956581943452774,
        -0.4334991141414485,
        -0.2513392903326585,
        8.799477073701663,
        0.10590982736404655,
        -0.22507013134449994,
        -0.044391765478050224,
        -0.4372209928841646,
        -0.2222750736184215,
        -0.12212325266709909,
        -0.18372403292427114,
        -0.36051026012237575,
        -0.22923194228453408,
        -0.6359193694925204
      ],
      "raw": [
        0.0,
        47434534.00000001,
        0.0,
        0.0,
        47434534.0,
        20.0,
        40.0,
        0.041999999999916326,
        0.0,
        2.0,
        0.0,
        0.0,
        0.0,
        0.0,
        6.0
      ]
    },
    "Text": {
      "idx": 1047,
      "score": 1.2171878691869282,
      "scaled": [
        0.6897337007703441,
        3.6394282368576607,
        -0.41136350617023354,
        -0.25047921750705926,
        -0.4779110910128247,
        1.2262122725968014,
        -0.14048938964060628,
        -0.044352819978984694,
        -0.0828128698170447,
        -0.17672625422554303,
        -0.12046961303151452,
        -0.09574187990647069,
        0.004618903324316045,
        -0.13841748125021827,
        -0.6359193694925204
      ],
      "raw": [
        420.0,
        119998237.0,
        502.0,
        57.15899999999965,
        754705.8930000002,
        32.0,
        2208.0,
        1.3330000000000837,
        1303790.976,
        69.0,
        1680.0,
        91.0,
        52.835,
        18.462,
        6.0
      ]
    },
    "Video": {
      "idx": 371,
      "score": 1.1260598945689313,
      "scaled": [
        -0.1148317003659692,
        1.033718241037558,
        2.44501181884841,
        0.03890672153266649,
        -0.6224408961896396,
        1.2262122725968014,
        0.9475123283659371,
        -0.043295167618615044,
        -0.41575336761133236,
        0.3385872547267239,
        0.7448150438556338,
        0.6235847337775242,
        4.144279000409778,
        4.9593225750481675,
        -0.6359193694925204
      ],
      "raw": [
        137.0,
        45667632.00000001,
        65280.0,
        19289.264,
        27494.058999999892,
        32.0,
        30096.0,
        36.39300000000003,
        78974.75900000008,
        827.0,
        880758.0,
        835.0,
        651.8529999999998,
        1054.8000000000002,
        6.0
      ]
    }
  }
}